Dist_Bin_m,Count,Radar_Vel_Mean,Radar_Vel_Std,Track_Vel_Mean,Track_Vel_Std,Score_Mean
-10.0,0,,,43.87741060256252,,27.984175910992082
30.0,4,36.16685657501221,0.09178460614526009,36.32132279885638,0.09479793165527887,18.380853156390973
40.0,17,38.275617128259995,1.6838705650287604,38.84828715347359,1.7137715856387203,20.830205761935037
50.0,14,42.117072732107985,1.9384995019264977,42.423987061731054,1.9051810522160897,25.532271298001586
60.0,9,44.1597770690918,0.38760080113111123,44.3236568806546,0.35166215937985235,31.157688492062316
70.0,0,,,42.58723162912204,2.153572404387208,25.494108983813337
