Dist_Bin_m,Count,Radar_Vel_Mean,Radar_Vel_Std,Track_Vel_Mean,Track_Vel_Std,Score_Mean
-10.0,0,,,18.58230677682756,18.96313685632693,57.915974223758674
30.0,53,33.750734840249116,7.615992198025937,36.86854105483562,5.678327193261911,33.96163554387059
40.0,859,34.21353562547109,12.007954062393303,34.20869951162067,9.263056943150051,44.43762675857776
50.0,1379,34.906526724906655,14.883961254906973,32.44662291732314,13.226768720341841,48.565923276872375
60.0,1518,37.677279151287,16.78241445369886,35.54466566197894,11.868413459740186,45.62924801638799
70.0,1454,38.57564914101092,18.500387709949596,35.14874597964068,12.87550637063243,46.301288456683274
80.0,1254,37.18308191847003,12.471516291000968,18.97446557335846,19.60888555124345,56.20033457907399
90.0,977,38.63601754578012,20.327030746320684,19.695580957688446,19.020608013401038,52.25284142790191
100.0,240,38.03017951369285,12.54810767278139,16.83733894001991,16.828364396151215,61.74183079045344
