{
    "R": [
        [
            0.9989863510211272,
            -0.027415054979987395,
            0.03570273426415741
        ],
        [
            0.03084470957906723,
            -0.16077407539656588,
            -0.986509148751983
        ],
        [
            0.03278527664174494,
            0.9866104152302586,
            -0.159765497510259
        ]
    ],
    "t": [
        0.17860589921474457,
        0.6207892894744873,
        -1.0896083116531372
    ]
}