{
    "R": [
        [
            0.9958573339696439,
            -0.022673970789988656,
            0.08805714864500781
        ],
        [
            0.08375138335173914,
            -0.14840091716717016,
            -0.9853744839250778
        ],
        [
            0.03541011388776224,
            0.9886673145363704,
            -0.1458871653090094
        ]
    ],
    "t": [
        0.197114035487175,
        0.5663822293281555,
        -1.5094572305679321
    ]
}