{
    "R": [
        [
            0.9986215447375553,
            -0.025579933511515808,
            -0.04583314725746936
        ],
        [
            -0.0492877420232749,
            -0.15674874311706863,
            -0.9864079024508398
        ],
        [
            0.018047960334217766,
            0.987307195624931,
            -0.15779344915112595
        ]
    ],
    "t": [
        -0.028551625087857246,
        0.386489599943161,
        -1.07581627368927
    ]
}