{
    "R": [
        [
            0.9951237656668718,
            -0.020337386830699467,
            0.09651467091527696
        ],
        [
            0.09220223539636416,
            -0.15576253022133935,
            -0.9834819682978225
        ],
        [
            0.035034822575533725,
            0.9875851481649291,
            -0.15312784309574828
        ]
    ],
    "t": [
        0.012437689118087292,
        0.6382976770401001,
        -1.7816210985183716
    ]
}