{
    "R": [
        [
            0.9983577721277626,
            -0.015972765230289867,
            0.05501481257797428
        ],
        [
            0.051421591083239564,
            -0.17342700672405653,
            -0.9835033773755951
        ],
        [
            0.025250322820900385,
            0.9847171899127348,
            -0.17232085505767478
        ]
    ],
    "t": [
        0.08,
        0.0,
        -0.08
    ]
}