{
    "R": [
        [
            0.999758075171572,
            -0.02197635414954733,
            0.0009115851721344952
        ],
        [
            -0.00249620223045199,
            -0.15454016120055794,
            -0.9879833538833181
        ],
        [
            0.021853148598246937,
            0.9877420606790003,
            -0.15455763152282048
        ]
    ],
    "t": [
        0.41696634888648987,
        0.6031963229179382,
        -1.899820327758789
    ]
}