{
    "R": [
        [
            0.9945372521972641,
            -0.024227869023063904,
            0.1015315928886979
        ],
        [
            0.096661119709854,
            -0.15337715287776477,
            -0.9834287350446634
        ],
        [
            0.03939900923059254,
            0.9878706693376981,
            -0.15019739922493905
        ]
    ],
    "t": [
        0.12776610255241394,
        0.6820741891860962,
        -1.785240888595581
    ]
}