{
    "R": [
        [
            0.9994104548530233,
            -0.02312279013371816,
            0.025378717597742136
        ],
        [
            0.02156958765209378,
            -0.15223382103997526,
            -0.9881091116977351
        ],
        [
            0.02671133877200026,
            0.988073985239972,
            -0.15164532328102578
        ]
    ],
    "t": [
        0.08,
        0.0,
        -0.08
    ]
}