{
    "R": [
        [
            0.9993067641566971,
            -0.03212188772331117,
            -0.018819549403831397
        ],
        [
            -0.02375451305113024,
            -0.16092307252691246,
            -0.9866810466600651
        ],
        [
            0.028665558085897498,
            0.9864440932245423,
            -0.16157455468617277
        ]
    ],
    "t": [
        -0.00934324786067009,
        0.6218146085739136,
        -0.9509283304214478
    ]
}