{
  "image_size": {
    "width": 1920,
    "height": 1200
  },
  "distortion_model": "plumb_bob",
  "K": [
    [
      4106.488206547475,
      0.0,
      983.5401190689403
    ],
    [
      0.0,
      4292.0600475757055,
      1418.7449342953119
    ],
    [
      0.0,
      0.0,
      1.0
    ]
  ],
  "D": [
    -0.25396217493505846,
    2.2265072450981807,
    0.05911083101044734,
    -0.00022021034540089686,
    -8.076007250197167
  ],
  "R": [
    [
      1.0,
      0.0,
      0.0
    ],
    [
      0.0,
      1.0,
      0.0
    ],
    [
      0.0,
      0.0,
      1.0
    ]
  ],
  "P": [
    [
      4106.488206547475,
      0.0,
      983.5401190689403,
      0.0
    ],
    [
      0.0,
      4292.0600475757055,
      1418.7449342953119,
      0.0
    ],
    [
      0.0,
      0.0,
      1.0,
      0.0
    ]
  ]
}