Dist_Bin_m,Count,Radar_Vel_Mean,Radar_Vel_Std,Track_Vel_Mean,Track_Vel_Std,Score_Mean
-10.0,0,,,14.12367146827559,18.136735042413882,76.59480000921958
40.0,55,43.16899233731357,2.038361210266556,43.221715002619014,2.0031188042946937,82.90061435073265
50.0,148,43.465752874838344,1.7638201267831453,43.52544085757495,1.7886378357618455,82.29031568523935
60.0,169,43.500411635178786,2.509340284502208,43.215251870732956,3.1025048382635245,80.52260933485732
70.0,183,42.24917951802739,3.492903810398969,41.983278513159554,3.4847024457420424,77.8452815828577
80.0,145,33.261996908845575,14.525049213444596,15.757381034035069,19.32693052725036,81.16198506793455
90.0,51,39.450786613015566,3.1868674611868517,10.126771358825586,17.31320123445494,80.76389932192069
100.0,16,37.706930136680604,2.751216719519009,37.88354035612208,2.711593708508363,68.21308054547563
