{
    "R": [
        [
            0.999732594422936,
            -0.01329791777665268,
            0.018918378133208746
        ],
        [
            0.016392964413893738,
            -0.16946830411861025,
            -0.9853992919709701
        ],
        [
            0.016309824220711106,
            0.9854459190041682,
            -0.1692049950560617
        ]
    ],
    "t": [
        -0.6119311796936965,
        0.6284678957757567,
        -1.243141679133599
    ]
}