{
    "R": [
        [
            0.9983299420581778,
            0.05292717977900649,
            -0.02315254696049295
        ],
        [
            -0.012847825138748367,
            -0.18732155626998268,
            -0.9822146241763039
        ],
        [
            -0.056322821123602484,
            0.9808717287174884,
            -0.18632871926637135
        ]
    ],
    "t": [
        -0.3197493245480151,
        0.007098771682153837,
        -0.06774908313591786
    ]
}