{
    "R": [
        [
            0.9996776926753054,
            -0.023781468687482644,
            -0.008885522744569895
        ],
        [
            -0.012434921479175609,
            -0.15354178959712927,
            -0.9880639106733521
        ],
        [
            0.02213331188920247,
            0.9878559412153051,
            -0.1537880226494838
        ]
    ],
    "t": [
        0.08,
        0.0,
        -0.08
    ]
}