{
    "R": [
        [
            0.9962462651346794,
            -0.019568645359732878,
            0.08432346840581349
        ],
        [
            0.07997075458088639,
            -0.1648358751084057,
            -0.9830736557801816
        ],
        [
            0.033136952439307046,
            0.9861268693205917,
            -0.16265220560141225
        ]
    ],
    "t": [
        0.1616688221693039,
        0.14954496920108795,
        -1.3567363023757935
    ]
}