{
    "R": [
        [
            0.9064017251609358,
            0.3248639993132773,
            -0.269998693655103
        ],
        [
            0.3459006268738168,
            -0.203927927524429,
            0.9158417749283398
        ],
        [
            0.24246374771000256,
            -0.9235132821599126,
            -0.2972112863278346
        ]
    ],
    "t": [
        -21.634286452349997,
        4.219378410391577,
        34.37465865154933
    ]
}