{
    "R": [
        [
            -0.10131734523396209,
            0.09772877835550245,
            0.9900423634551906
        ],
        [
            -0.20272687001160367,
            -0.9763105956617731,
            0.07562695930615351
        ],
        [
            0.9739797799390151,
            -0.19304586677713736,
            0.11872944702230374
        ]
    ],
    "t": [
        -7.0212613601259415,
        45.63341758011803,
        17.475325915106684
    ]
}