{
    "R": [
        [
            0.9996735344458454,
            -0.011279782628451212,
            0.02292577223143662
        ],
        [
            0.020583347351451498,
            -0.1760716054658801,
            -0.9841621388574537
        ],
        [
            0.015137712520797994,
            0.9843127329525521,
            -0.17578194846774062
        ]
    ],
    "t": [
        -0.2759411633014679,
        -0.08444099128246307,
        0.04255940392613411
    ]
}