{
    "R": [
        [
            0.9998007275268066,
            -0.019851535569613596,
            -0.002102801091806298
        ],
        [
            -0.005197248540184389,
            -0.1571448537769039,
            -0.9875618884602011
        ],
        [
            0.01927417558586697,
            0.9873760233401294,
            -0.15721671249750466
        ]
    ],
    "t": [
        0.06501236801313998,
        0.04455816235940892,
        -0.37629367366614375
    ]
}