{
    "R": [
        [
            0.999854720479081,
            -0.014679488587303302,
            0.008663172081495132
        ],
        [
            0.006234103520004729,
            -0.15810129563231143,
            -0.9874032186866147
        ],
        [
            0.01586423301014682,
            0.9873137763316174,
            -0.15798681330035141
        ]
    ],
    "t": [
        -0.2759411633014679,
        -0.08444099128246307,
        0.04255940392613411
    ]
}