{
    "R": [
        [
            0.9994268015214784,
            -0.02730336423093879,
            0.020014862033510564
        ],
        [
            0.015326295129970706,
            -0.16224331248291476,
            -0.9866317510764387
        ],
        [
            0.030185643576654243,
            0.9863729689403721,
            -0.16173185544480487
        ]
    ],
    "t": [
        0.08,
        0.0,
        -0.08
    ]
}