{
    "R": [
        [
            0.9999924679022879,
            -0.0031258405198381217,
            -0.0023007085288724895
        ],
        [
            -0.0027229633655224414,
            -0.1426037244420318,
            -0.9897761177386382
        ],
        [
            0.002765792689322867,
            0.9897749273932457,
            -0.14261116188606737
        ]
    ],
    "t": [
        0.08,
        0.0,
        -0.08
    ]
}