{
    "R": [
        [
            0.9974018708451774,
            -0.029298165165394865,
            -0.06581128742458137
        ],
        [
            -0.0698643765222216,
            -0.17067179462505366,
            -0.9828479574240486
        ],
        [
            0.017563511257742002,
            0.9848922560551506,
            -0.17227526530205817
        ]
    ],
    "t": [
        0.6584745049476624,
        0.93931645154953,
        -1.4632134437561035
    ]
}