{
    "R": [
        [
            0.9728032277632853,
            -0.04539590586963449,
            -0.2271411274595779
        ],
        [
            -0.23129733675139869,
            -0.13759779412871656,
            -0.9631035193906317
        ],
        [
            0.012466838614623423,
            0.9894473501814973,
            -0.14435553038858706
        ]
    ],
    "t": [
        -0.48207899928092957,
        0.12475723028182983,
        -1.583472490310669
    ]
}