{
    "R": [
        [
            0.9774908531402152,
            0.002444166421443736,
            -0.2109636416013844
        ],
        [
            -0.20708059480130062,
            -0.18019126986743678,
            -0.9615865709962365
        ],
        [
            -0.04036408408415225,
            0.9836285540355488,
            -0.17562917867479386
        ]
    ],
    "t": [
        0.08,
        0.0,
        -0.08
    ]
}