{
    "R": [
        [
            0.9977828923739098,
            -0.023081004332004648,
            0.062422487334140485
        ],
        [
            0.058248302896797645,
            -0.15085066471598174,
            -0.9868390001233178
        ],
        [
            0.032193708944417226,
            0.9882870758002317,
            -0.1491717832253462
        ]
    ],
    "t": [
        0.08,
        0.0,
        -0.08
    ]
}