{
    "R": [
        [
            0.1881844665904405,
            -0.010845553210616688,
            0.9820738162224182
        ],
        [
            0.6543584294231265,
            -0.7442876564416032,
            -0.13360737371718756
        ],
        [
            0.7323944650098088,
            0.6677711123163748,
            -0.13296649645218359
        ]
    ],
    "t": [
        -3.111986974493259,
        5.444758746472602,
        -9.29564424407038
    ]
}