{
    "R": [
        [
            0.9990811672151897,
            -0.017526690290790337,
            0.03911056690186337
        ],
        [
            0.03548510862334096,
            -0.17345967438131868,
            -0.9842014775591009
        ],
        [
            0.024033900680582615,
            0.9846850036894931,
            -0.1726783574368784
        ]
    ],
    "t": [
        -0.13780975341796875,
        0.47435256838798523,
        -1.0942409038543701
    ]
}