{
    "R": [
        [
            0.9966866861424792,
            -0.01483390740323366,
            0.07997252564146602
        ],
        [
            0.07686048903347914,
            -0.1499080929044085,
            -0.985707882137146
        ],
        [
            0.026610428253920786,
            0.9885886499818394,
            -0.1482712589655435
        ]
    ],
    "t": [
        0.20265080034732819,
        0.5463184714317322,
        -0.7943183183670044
    ]
}