{
    "R": [
        [
            0.9987983807074198,
            -0.03733091945314852,
            -0.03175212038620217
        ],
        [
            -0.03683284124641817,
            -0.14441322623232156,
            -0.9888317156598935
        ],
        [
            0.03232857098532963,
            0.9888130372026632,
            -0.14561470034337773
        ]
    ],
    "t": [
        0.08,
        0.0,
        -0.08
    ]
}