{
  "image_size": {
    "width": 1920,
    "height": 1200
  },
  "distortion_model": "plumb_bob",
  "K": [
    [
      4106.488206547475,
      0.0,
      983.5401190689403
    ],
    [
      0.0,
      4292.0600475757055,
      600.0
    ],
    [
      0.0,
      0.0,
      1.0
    ]
  ],
  "D": [
    0.0,
    0.0,
    0.0,
    0.0,
    0.0
  ],
  "R": [
    [
      1.0,
      0.0,
      0.0
    ],
    [
      0.0,
      1.0,
      0.0
    ],
    [
      0.0,
      0.0,
      1.0
    ]
  ],
  "P": [
    [
      4106.488206547475,
      0.0,
      983.5401190689403,
      0.0
    ],
    [
      0.0,
      4292.0600475757055,
      600.0,
      0.0
    ],
    [
      0.0,
      0.0,
      1.0,
      0.0
    ]
  ]
}