Matched_Row_Count,Valid_Track_Count,Median_RMSE_px,P75_RMSE_px,Median_Direction_Deg,Median_Sigma_U_px,Median_Sigma_V_px,Median_Abs_RU,Median_Abs_RV
2008,33,67.23480139420744,82.8245450525259,4.253620336279877,29.213130915894727,30.690573016299474,0.21451955278672694,0.2103787974734657
