Dist_Bin_m,Count,Radar_Vel_Mean,Radar_Vel_Std,Track_Vel_Mean,Track_Vel_Std,Score_Mean
-10.0,0,,,14.27901151505012,17.997712069808195,73.23076154850366
30.0,14,28.47927143914359,5.415077146005244,29.57628714919544,6.191546436925381,64.046543681165
40.0,666,36.179150975717086,15.7636987249103,35.18971401633502,10.48914185945941,74.66268115798903
50.0,1137,35.88113578145926,16.029305013196357,31.19435250886416,15.219772731917637,75.07141812976498
60.0,1230,37.924890729625055,19.358696774749987,35.36386501701088,12.86596476763285,73.54090697994687
70.0,1079,39.286101460213786,22.508782296461746,34.67886161884201,14.044162885549332,72.86178202214984
80.0,826,37.83195931091724,10.313698774871892,19.201021533545816,20.18824704917512,75.28520367368816
90.0,616,38.94621395337117,22.532648605434098,18.398181055538057,19.235806247088036,71.04307115746803
100.0,135,39.99521594683329,20.010364257392396,14.195049965710735,16.798021433198834,76.22856954625513
