Dist_Bin_m,Count,Radar_Vel_Mean,Radar_Vel_Std,Track_Vel_Mean,Track_Vel_Std,Score_Mean
-10.0,0,,,14.405813771247185,18.9768767042359,58.212911682451654
40.0,149,41.4690539110427,7.552630676884092,41.1902928871635,8.227585451578864,38.0979617071863
50.0,259,41.82520853138338,7.717518299597958,41.742276829052926,7.639149281529077,41.370734528785874
60.0,323,42.36787472243649,12.660075163895032,41.056814522402775,8.234455750385099,41.21232959633281
70.0,363,41.08392119762326,18.141032199937282,39.14078620195835,9.159423691120503,47.78992611854135
80.0,352,35.44424306249077,11.987104234171088,21.850980691250314,19.5301425643562,56.55512331235239
90.0,205,41.15441371452518,18.97627093590457,13.958700806112873,18.192298417820812,56.10640050346147
100.0,75,37.99295304107666,11.316263647512985,35.64295550439046,5.994578085746421,67.1916292600022
