Dist_Bin_m,Count,Radar_Vel_Mean,Radar_Vel_Std,Track_Vel_Mean,Track_Vel_Std,Score_Mean
-10.0,0,,,33.5608188113468,32.126018646491175,77.11790416248614
30.0,0,,,17.142025903702933,0.36026366529135095,84.47250403191215
40.0,164,23.610724943440136,9.570893712555222,17.207632359654763,12.270652468931171,71.87626815535805
50.0,333,25.469450089738174,10.297705256380736,33.42016540889871,35.386209016064754,76.05463140119487
60.0,247,27.429014434891673,10.111749880940383,27.99604489096084,10.78625899071056,79.9423548910052
70.0,180,27.83832353115082,10.15756421667503,28.6669862181793,9.229051271434285,80.291308559538
80.0,89,27.765286593490774,10.157267368795827,28.974565379529405,9.05390846961575,80.40545138774631
90.0,92,33.42107923445494,8.222349004525851,33.28630255380069,7.8099718589700995,74.42172589726972
100.0,36,28.827502393722536,10.1256093253608,28.734019083058218,8.76973227242873,74.90837286023803
