Dist_Bin_m,Count,Radar_Vel_Mean,Radar_Vel_Std,Track_Vel_Mean,Track_Vel_Std,Score_Mean
-10.0,0,,,35.75263675655437,14.588481296296763,0.0
30.0,11,26.303169198469686,2.7876142245545887,26.535424847752562,2.935327456296174,73.27694695774213
40.0,351,35.94787058218932,9.11384459536302,35.32364320179692,10.05006228264078,80.37616225922433
50.0,626,35.44093017753321,11.666584854803626,32.600430645833676,14.105960749874594,79.45618372336288
60.0,682,38.73866611540842,9.481425600634713,37.47365258095075,10.942769791216522,77.23156969757979
70.0,720,37.49131990090012,11.07054025343301,35.559675751013025,12.99296533910413,77.52546640373505
80.0,555,37.40729393546646,11.217990133456688,33.420625106307234,16.662337767417952,80.26808506160738
90.0,374,37.85990107913706,8.438550895554844,35.803579174170295,14.281855865309673,79.60589114153676
100.0,99,37.09260722073642,3.037626908814414,20.42643925272761,15.525421753592477,76.58781531000425
