Dist_Bin_m,Count,Radar_Vel_Mean,Radar_Vel_Std,Track_Vel_Mean,Track_Vel_Std,Score_Mean
-10.0,0,,,5.717675085765938,13.819248465464344,80.10898173461813
40.0,73,40.545208575627576,10.563461468512465,40.00940527039114,11.538100261058894,77.05987655875742
50.0,96,38.96051543354988,12.15467448347438,38.86780610384166,12.038768340822056,78.03887208968312
60.0,50,45.12669996643067,10.862622481088733,44.87761412462276,10.696432337043012,74.3435412869937
70.0,54,47.470288848876955,3.3596726367751537,45.613484498244624,9.497249283377023,69.75045672111658
80.0,51,43.90520896911621,2.2155704896154025,43.03438222859438,6.477776101247259,70.99495524366986
90.0,49,45.00458132685447,17.265998905135177,11.010222675639595,18.672218123352227,69.65891639002574
100.0,14,40.76578257424491,1.8620257752860878,40.709550316750956,2.67890787788142,74.96869259248969
