Dist_Bin_m,Count,Radar_Vel_Mean,Radar_Vel_Std,Track_Vel_Mean,Track_Vel_Std,Score_Mean
-10.0,0,,,16.93740837403955,9.735061072620045,74.05724693245443
30.0,7,23.210378612790787,10.919254529943236,24.079637014416356,12.420657914312711,83.03993448544372
40.0,444,21.264902028844165,9.915863407488382,13.846598326255172,11.009125497595294,76.77946361379394
50.0,691,23.141934594926028,7.976025007930206,19.490010191021813,10.185727924857954,76.78814338349302
60.0,612,23.841604028028602,8.242293987265155,21.229133333425228,8.964170911978432,80.15528589902755
70.0,427,26.70150428097477,7.994955578699304,22.23124093893508,9.255491104008183,78.0014422722485
80.0,331,27.504630647181028,7.386573802219703,21.244121309318057,9.15076494478686,79.92161386740455
90.0,147,28.65392772324231,4.75807614346021,19.149020750136646,8.811282279400377,77.82406616872107
100.0,22,32.32977481321855,5.224353211823131,15.444458036971252,7.347937684402408,76.65244825271478
